GPU Used,Text File,Context Size,Batch Size,Total Characters,Total Tokens,Characters/Tokens,Entropy,Compression Ratio,Redundancy,Time(mins)
NVIDIA L4,text8_1MB,256,128,1048576,203334,5.16,0.40017592906951904,0.6072006225585938,0.5171779795442069,15.357712948322296
NVIDIA GeForce RTX 3090,text8_1MB,512,32,1048576,203334,5.16,0.19659575819969177,0.299072265625,0.5262008176252708,47.93079739014308
