Text File,Total Characters,Total Tokens,Characters/Tokens,Entropy,Compression Ratio,Redundancy
small_txt,197528,48544,4.07,1.2442642625349318,1.9622129520878053,0.6758044139860075
NVIDIA GeForce RTX 3090,text8_1MB,1048576,203334,5.16,1.1935008764266968,1.8776626586914062,0.6058931223286509,2.0909159342447916
