Text File,Total Characters,Total Tokens,Characters/Tokens,Entropy,Compression Ratio,Redundancy
small_txt,197528,47418,4.17,0.8473216455388604,1.2899032035964522,0.7919891381503971
small_txt,197528,47418,4.17,0.8473216455388604,1.4633267182374143,0.7919891381503971
